<?xml version="1.0" encoding="UTF-8" ?>
        <!DOCTYPE mapper PUBLIC "-//mybatis.org//DTD Mapper 3.0//EN" "http://mybatis.org/dtd/mybatis-3-mapper.dtd" >
<mapper namespace="com.ophylink.map.dao.cablealarmMapper" >
        <select id="getAllAlarm" resultType="cablealarm">
                SELECT * from cablealarm ORDER BY cableid,alarmtime DESC;
        </select>
        <select id="getAlarmByCableId" resultType="cablealarm">
                SELECT * from cablealarm
                <if test="list != null and list.size() > 0">
                        where cableid IN
                        <foreach item="item" index="index" collection="list" open="(" separator="," close=")">
                                #{item}
                        </foreach>
                </if>
                ORDER BY cableid,alarmtime DESC;
        </select>
        <select id="getAlarmsByGroupId" resultType="cablealarm">
                SELECT * FROM cablealarm a LEFT JOIN cable c ON c.id = a.cableid
                <if test="list != null and list.size() > 0">
                        where c.groupid IN
                        <foreach item="item" index="index" collection="list" open="(" separator="," close=")">
                                #{item}
                        </foreach>
                </if>
                ORDER BY a.cableid,a.alarmtime DESC;
        </select>
        <select id="getAlarmsByIds" resultType="cablealarm">
                SELECT * FROM cablealarm a
                <choose>
                        <when test = "groupids != null and groupids.size()>0">
                                LEFT JOIN cable c ON c.id = a.cableid where c.groupid IN
                                <foreach item="item" index="index" collection="groupids" open="(" separator="," close=")">
                                        #{item}
                                </foreach>
                                <if test = "cableids != null and cableids.size()>0">
                                        AND a.cableid IN
                                        <foreach item="item" index="index" collection="cableids" open="(" separator="," close=")">
                                                #{item}
                                        </foreach>
                                </if>
                        </when>
                        <otherwise>
                                <if test = "cableids != null and cableids.size()>0">
                                        WHERE a.cableid IN
                                        <foreach item="item" index="index" collection="cableids" open="(" separator="," close=")">
                                                #{item}
                                        </foreach>
                                </if>
                        </otherwise>
                </choose>
                ORDER BY a.cableid,a.alarmtime DESC;
        </select>

        <delete id="deleteAlarm" parameterType="int">
                DELETE from cablealarm WHERE  id=#{id};
        </delete>
        <delete id="deleteAlarms" parameterType="list">
                DELETE from cablealarm WHERE  id IN
                        <foreach item="item" index="index" collection="list" open="(" separator="," close=")">
                                #{item}
                        </foreach>
                ;
        </delete>
</mapper>