<?xml version="1.0" encoding="UTF-8" ?>
<!DOCTYPE mapper PUBLIC "-//mybatis.org//DTD Mapper 3.0//EN" "http://mybatis.org/dtd/mybatis-3-mapper.dtd" >
<mapper namespace="com.ophylink.map.dao.cablegroupMapper" >
    <select id="getAllGroup" resultType="cablegroup">
        SELECT * from cablegroup ORDER BY id,updateTime DESC;
    </select>
    <select id="getGroupByGroupName" resultType="cablegroup" parameterType="String">
        SELECT * from cablegroup where groupName=#{groupName};
    </select>
    <insert id="addGroup" parameterType="cablegroup">
        INSERT  INTO cablegroup (id,groupName,groupDesc,parentGroup,district,principal,entryTime,entryUser,updateTime,updateUser,groupImageFile,groupBackgroundImagefile,netMask,groupParam,extendFieldString,extendFieldLong,extendFieldStringB,extendFieldLongB,extendFieldStringC,extendFieldLongC)
        VALUES (#{id},#{groupName},#{groupDesc},#{parentGroup},#{district},#{principal},now(),#{entryUser},now(),#{updateUser},#{groupImageFile},#{groupBackgroundImagefile},#{netMask},#{groupParam},#{extendFieldString},#{extendFieldLong},#{extendFieldStringB},#{extendFieldLongB},#{extendFieldStringC},#{extendFieldLongC})
    </insert>
    <update id="updateGroup" parameterType="cablegroup">
        UPDATE cablegroup
        <set>
            <if test="groupDesc!=null">
                groupDesc=#{groupDesc},
            </if>
            <if test="parentGroup!=null">
                parentGroup=#{parentGroup},
            </if>
            <if test="district!=null">
                district=#{district},
            </if>
            <!--<if test="principal!=null">-->
                <!--principal=#{principal}-->
            <!--</if>-->
            <if test="updateTime!=null">
                updateTime=#{updateTime},
            </if>
            <if test="entryUser!=null">
                entryUser=#{entryUser},
            </if>
            <!--<if test="groupImageFile!=null">-->
                <!--groupImageFile=#{groupImageFile},-->
            <!--</if>-->
            <!--<if test="groupBackgroundImagefile!=null">-->
                <!--groupBackgroundImagefile=#{groupBackgroundImagefile},-->
            <!--</if>-->
            <!--<if test="netMask!=null">-->
                <!--netMask=#{netMask},-->
            <!--</if>-->
            <if test="groupParam!=null">
                groupParam=#{groupParam},
            </if>
            <!--<if test="extendFieldString!=null">-->
                <!--extendFieldString=#{extendFieldString},-->
            <!--</if>-->
            <if test="extendFieldLong!=null">
                extendFieldLong=#{extendFieldLong},
            </if>
            <!--<if test="extendFieldStringB!=null">-->
                <!--extendFieldStringB=#{extendFieldStringB},-->
            <!--</if>-->
            <!--<if test="extendFieldLongB!=null">-->
                <!--extendFieldLongB=#{extendFieldLongB},-->
            <!--</if>-->
            <!--<if test="extendFieldStringC!=null">-->
                <!--extendFieldStringC=#{extendFieldStringC},-->
            <!--</if>-->
            <!--<if test="extendFieldLongC!=null">-->
                <!--extendFieldLongC=#{extendFieldLongC},-->
            <!--</if>-->
        </set>
        where id=#{id};
    </update>
    <delete id="deleteGroup" parameterType="int">
        DELETE from cablegroup WHERE  id=#{id};
    </delete>
    <select id="getGroupByGroupPIds" resultType="cablegroup">
        SELECT * from cablegroup
        <if test="list!=null and list.size() > 0">
            WHERE  extendFieldLong IN
            <foreach item="item" index="index" collection="list" open="(" separator="," close=")">
                #{item}
            </foreach>
        </if>
        ORDER BY id,updateTime DESC;
    </select>
    <select id="getGroupByGroupIds" resultType="cablegroup">
        SELECT * from cablegroup
        <if test="list!=null and list.size() > 0">
            WHERE  id IN
            <foreach item="item" index="index" collection="list" open="(" separator="," close=")">
                #{item}
            </foreach>
        </if>
        ORDER BY id,updateTime DESC;
    </select>
</mapper>