<?xml version="1.0" encoding="UTF-8" ?>
<!DOCTYPE mapper PUBLIC "-//mybatis.org//DTD Mapper 3.0//EN" "http://mybatis.org/dtd/mybatis-3-mapper.dtd" >
<mapper namespace="com.ophylink.map.dao.cablepointMapper" >
    <select id="getAllPoint" resultType="cablepoint">
        SELECT * from cablepoint ORDER BY cableid;
    </select>
    <select id="getPointByPointName" resultType="cablepoint" parameterType="String">
        SELECT * from cablepoint where pointName=#{pointName};
    </select>
    <select id="getPointsByCableId" resultType="cablepoint" parameterType="long">
        SELECT * from cablepoint where cableid=#{cableid};
    </select>
    <select id="getPointsByPointId" resultType="HashMap">
        SELECT p1.cableid,p1.cableName,p1.id,p1.longitude,p1.latitude,p2.id befor_id,p2.longitude befor_longitude,p2.latitude befor_latitude from cablepoint p1
        LEFT JOIN cablepoint p2 ON p1.beforepointid = p2.id;
    </select>
    <insert id="addPoint" parameterType="cablepoint">
        INSERT  INTO cablepoint (id,pointName,pointDesc,longitude,latitude,beforepointid,nextpointid,distance,imageFile,cableid,cableName,pointParam,extendFieldString,extendFieldLong,extendFieldStringB,extendFieldLongB,extendFieldStringC,extendFieldLongC)
        VALUES (#{id},#{pointName},#{pointDesc},#{longitude},#{latitude},#{beforepointid},#{nextpointid},#{distance},#{imageFile},#{cableid},#{cableName},#{pointParam},#{extendFieldString},#{extendFieldLong},#{extendFieldStringB},#{extendFieldLongB},#{extendFieldStringC},#{extendFieldLongC})
    </insert>
    <update id="updatePoint" parameterType="cablepoint">
        UPDATE cablepoint
        <set>
            <if test="pointDesc!=null">
                pointDesc=#{pointDesc},
            </if>
            <if test="longitude!=null">
                longitude=#{longitude},
            </if>
            <if test="latitude!=null">
                latitude=#{latitude},
            </if>
            <if test="beforepointid!=null">
                beforepointid=#{beforepointid},
            </if>
            <if test="distance!=null">
                distance=#{distance},
            </if>
            <if test="cableid!=null">
                cableid=#{cableid},
            </if>
            <if test="cableName!=null">
                cableName=#{cableName},
            </if>
            <if test="pointParam!=null">
                pointParam=#{pointParam},
            </if>
            <!--<if test="extendFieldLong!=null">-->
            <!--extendFieldLong=#{extendFieldLong},-->
            <!--</if>-->
            <!--<if test="extendFieldStringB!=null">-->
            <!--extendFieldStringB=#{extendFieldStringB},-->
            <!--</if>-->
            <!--<if test="extendFieldLongB!=null">-->
            <!--extendFieldLongB=#{extendFieldLongB},-->
            <!--</if>-->
            <!--<if test="extendFieldStringC!=null">-->
            <!--extendFieldStringC=#{extendFieldStringC},-->
            <!--</if>-->
            <!--<if test="extendFieldLongC!=null">-->
            <!--extendFieldLongC=#{extendFieldLongC},-->
            <!--</if>-->
        </set>
        where id=#{id};
    </update>
    <delete id="deletePoint" parameterType="int">
        DELETE from cablepoint WHERE  id=#{id};
    </delete>
    <select id="getCableByIdsAndCableIds" resultType="cablepoint">
        SELECT * FROM cablepoint
        <choose>
            <when test = "cableids != null and cableids.size()>0">
                WHERE cableid IN
                <foreach item="item" index="index" collection="cableids" open="(" separator="," close=")">
                    #{item}
                </foreach>
                <if test = "pointids != null and pointids.size()>0">
                    AND id IN
                    <foreach item="item" index="index" collection="pointids" open="(" separator="," close=")">
                        #{item}
                    </foreach>
                </if>
            </when>
            <otherwise>
                <if test = "pointids != null and pointids.size()>0">
                    WHERE id IN
                    <foreach item="item" index="index" collection="pointids" open="(" separator="," close=")">
                        #{item}
                    </foreach>
                </if>
            </otherwise>
        </choose>
        ORDER BY cableid,beforepointid DESC;
    </select>
</mapper>