<?xml version="1.0" encoding="UTF-8" ?>
<!DOCTYPE mapper PUBLIC "-//mybatis.org//DTD Mapper 3.0//EN" "http://mybatis.org/dtd/mybatis-3-mapper.dtd" >
<mapper namespace="com.ophylink.map.dao.cableMapper" >
    <select id="getAllCable" resultType="cable">
        SELECT * from cable;
    </select>
    <select id="getCableByCableName" resultType="cable" parameterType="String">
        SELECT * from cable where cableName=#{cableName};
    </select>
    <insert id="addCable" parameterType="cable">
        INSERT  INTO cable (id,cableName,groupid,cableNumber,reservedCode,cableCode,manufacturer,distance,coreNumber,cableDesc,startPoint,endPoint,item,cableParam,extendFieldString,extendFieldLong,extendFieldStringB,extendFieldLongB,extendFieldStringC,extendFieldLongC)
        VALUES (#{id},#{cableName},#{groupid},#{cableNumber},#{reservedCode},#{cableCode},#{manufacturer},#{distance},#{coreNumber},#{cableDesc},#{startPoint},#{endPoint},#{item},#{cableParam},#{extendFieldString},#{extendFieldLong},#{extendFieldStringB},#{extendFieldLongB},#{extendFieldStringC},#{extendFieldLongC})
    </insert>
    <update id="updateCable" parameterType="cable">
        UPDATE cable
        <set>
            <if test="groupid!=null">
                groupid=#{groupid},
            </if>
            <if test="cableDesc!=null">
                cableDesc=#{cableDesc},
            </if>
            <if test="extendFieldString!=null">
                extendFieldString=#{extendFieldString},
            </if>
            <if test="cableNumber!=null">
                cableNumber=#{cableNumber},
            </if>
            <if test="cableCode!=null">
                cableCode=#{cableCode},
            </if>
            <if test="reservedCode!=null">
                reservedCode=#{reservedCode},
            </if>
            <if test="distance!=null">
                distance=#{distance},
            </if>
            <if test="coreNumber!=null">
                coreNumber=#{coreNumber},
            </if>
            <if test="startPoint!=null">
                startPoint=#{startPoint},
            </if>
            <if test="endPoint!=null">
                endPoint=#{endPoint},
            </if>
            <if test="manufacturer!=null">
                manufacturer=#{manufacturer},
            </if>
            <if test="item!=null">
                item=#{item},
            </if>
            <if test="cableParam!=null">
                cableParam=#{cableParam},
            </if>

            <!--<if test="extendFieldLong!=null">-->
                <!--extendFieldLong=#{extendFieldLong},-->
            <!--</if>-->
            <!--<if test="extendFieldStringB!=null">-->
            <!--extendFieldStringB=#{extendFieldStringB},-->
            <!--</if>-->
            <!--<if test="extendFieldLongB!=null">-->
            <!--extendFieldLongB=#{extendFieldLongB},-->
            <!--</if>-->
            <!--<if test="extendFieldStringC!=null">-->
            <!--extendFieldStringC=#{extendFieldStringC},-->
            <!--</if>-->
            <!--<if test="extendFieldLongC!=null">-->
            <!--extendFieldLongC=#{extendFieldLongC},-->
            <!--</if>-->
        </set>
        where id=#{id};
    </update>
    <delete id="deleteCable" parameterType="int">
        DELETE from cable WHERE  id=#{id};
    </delete>
    <select id="getCableByPIds" resultType="cable">
        SELECT * FROM cable c
        <if test="list != null and list.size() > 0">
            LEFT JOIN cablegroup g ON c.groupid = g.id
            WHERE c.groupid IN
            <foreach item="item" index="index" collection="list" open="(" separator="," close=")">
                #{item}
            </foreach>
        </if>
        ORDER BY c.id,c.groupid,c.createtime DESC;
    </select>
    <select id="getCableByIds" resultType="cable">
        SELECT * from cable
        <choose>
            <when test = "groupids != null and groupids.size()>0">
                WHERE groupid IN
                <foreach item="item" index="index" collection="groupids" open="(" separator="," close=")">
                    #{item}
                </foreach>
                <if test = "cableids != null and cableids.size()>0">
                    AND id IN
                    <foreach item="item" index="index" collection="cableids" open="(" separator="," close=")">
                        #{item}
                    </foreach>
                </if>
            </when>
            <otherwise>
                <if test = "cableids != null and cableids.size()>0">
                    WHERE id IN
                    <foreach item="item" index="index" collection="cableids" open="(" separator="," close=")">
                        #{item}
                    </foreach>
                </if>
            </otherwise>
        </choose>
        ORDER BY id,groupid,createtime DESC;
    </select>
</mapper>