<?xml version="1.0" encoding="UTF-8" ?>
<!DOCTYPE mapper PUBLIC "-//mybatis.org//DTD Mapper 3.0//EN" "http://mybatis.org/dtd/mybatis-3-mapper.dtd" >
<mapper namespace="com.ophylink.map.dao.userinfoMapper" >
    <select id="getall" resultType="userinfo">
        select * from userinfo;
    </select>
    <sql id="baseColum">
        id,username,password,userchinaname,isenablerecievermessage,email,telephonenum
    </sql>

    <!--  新增用户信息数据-->
    <insert id="signUp" parameterType="com.ophylink.map.entity.userinfo">
        INSERT  INTO userinfo (username, password, userchinaname, isenablerecievermessage, email, telephonenum,createtime) VALUES (#{username}, #{password}, #{userchinaname}, #{isenablerecievermessage}, #{email}, #{telephonenum},#{createtime});
    </insert>
    <select id="selectByLogin" resultType="com.ophylink.map.entity.userinfo">
        SELECT <include refid="baseColum"></include>
        from userinfo where username =#{username}
    </select>
    <select id="selectAllUser" resultType="java.util.Map">
        SELECT <include refid="baseColum"></include> from user
    </select>

    <select id="selectCont" resultType="java.lang.Integer">
        select COUNT(1) from userinfo;
    </select>

    <select id="selectBypage" resultType="com.ophylink.map.entity.userinfo">
        select <include refid="baseColum"></include> from userinfo order by createtime ASC limit #{pageStart},#{pageEnd};
    </select>
    <select id="checkName" resultType="java.util.Map">
        select <include refid="baseColum"></include> from userinfo where username =#{username}
    </select>
</mapper>