<?xml version="1.0" encoding="UTF-8" ?>
<!DOCTYPE mapper PUBLIC "-//mybatis.org//DTD Mapper 3.0//EN" "http://mybatis.org/dtd/mybatis-3-mapper.dtd" >
<mapper namespace="com.ophylink.map.dao.user_permissionsMapper" >
    <resultMap type="com.ophylink.map.entity.user_permissions" id="UserPermisResult">
        <!--存放Dao值--><!--type是和数据库对应的bean类名Message-->
        <id column="id"  property="id"/><!--主键标签-->
        <result column="permissionsenid"  property="permissionsenid"/>
        <result column="userid" property="userid"/>
    </resultMap>
    <sql id="baseColum">
        id,permissionsenid,userid
    </sql>

    <!--&lt;!&ndash;  新增用户信息数据&ndash;&gt;-->
    <!--<insert id="signUp" parameterType="com.yunxi.map.entity.User">-->
    <!--INSERT  INTO user (username, password, userchinaname, isenablerecievermessage, email, telephonenum,createtime) VALUES (#{username}, #{password}, #{userchinaname}, #{isenablerecievermessage}, #{email}, #{telephonenum},#{createtime});-->
    <!--</insert>-->
    <select id="selAllUP" resultType="java.util.Map">
        SELECT *
        from user_permissions
    </select>
    <select id="selectByUserId"  resultMap="UserPermisResult">
        SELECT  <include refid="baseColum"></include> from user_permissions where userid=#{userid}
    </select>
    <insert id="insertPermissesion" parameterType="java.util.List">
        insert into user_permissions (permissionsenid,userid) VALUES
        <foreach collection="list" item="item" index="index" separator=",">
            (#{item.permissionsenid},#{item.userid} )
        </foreach>
    </insert>
    <delete id="deleByUserid">
        delete from user_permissions where userid =#{userid}
    </delete>
</mapper>